META,inlet_choked,full_system_choked_inlet_TheBetterOne_manualOutlet
DATA,ts_ms,diaphragm_pct,piston_pct,mpx_pressure_hPa,bmp_temp_C,bmp_pressure_hPa,dht_temp_C,dht_humidity
DATA,1130,0,0,-15.86, 23.09,1010.59,NaN,NaN
DATA,2023,0,0,-15.86, 23.09,1010.61,NaN,NaN
DATA,3022,0,0,-15.86, 23.09,1010.63,NaN,NaN
DATA,4023,0,0,-15.86, 23.09,1010.61,NaN,NaN
DATA,5022,0,0,-15.86, 23.09,1010.62,NaN,NaN
DATA,6023,0,0,-15.86, 23.09,1010.62,NaN,NaN
DATA,7022,0,0,-15.86, 23.09,1010.60,NaN,NaN
DATA,8023,0,0,-15.86, 23.09,1010.63,NaN,NaN
DATA,9023,0,0,-15.86, 23.09,1010.64,NaN,NaN
DATA,10022,0,0,-15.86, 23.09,1010.63,NaN,NaN
DATA,11023,0,0,-15.86, 23.09,1010.62,NaN,NaN
DATA,12022,0,0,-15.86, 23.09,1010.59,NaN,NaN
DATA,13023,0,0,-15.86, 23.09,1010.60,NaN,NaN
DATA,14022,0,0,-15.86, 23.09,1010.59,NaN,NaN
DATA,15023,0,17,103.62, 23.07,901.70,NaN,NaN
DATA,16022,100,17,239.38, 23.04,908.63,NaN,NaN
DATA,17022,100,17,288.26, 23.04,840.52,NaN,NaN
DATA,18023,100,17,320.84, 23.03,825.46,NaN,NaN
DATA,19022,100,17,331.70, 23.03,822.96,NaN,NaN
DATA,20023,100,17,358.86, 23.03,826.40,NaN,NaN
DATA,21022,100,17,380.58, 23.03,827.72,NaN,NaN
DATA,22023,100,17,418.59, 23.03,832.65,NaN,NaN
DATA,23022,100,17,424.03, 23.03,836.58,NaN,NaN
DATA,24023,100,17,462.04, 23.03,844.14,NaN,NaN
DATA,25023,100,17,451.18, 23.03,846.37,NaN,NaN
DATA,26022,100,17,472.90, 23.04,851.80,NaN,NaN
DATA,27023,100,17,494.62, 23.04,855.45,NaN,NaN
DATA,28022,100,17,516.35, 23.04,859.58,NaN,NaN
DATA,29023,100,17,532.64, 23.04,866.01,NaN,NaN
DATA,30022,100,17,543.50, 23.04,869.66,NaN,NaN
DATA,31023,100,17,576.08, 23.05,872.16,NaN,NaN
DATA,32022,100,17,570.65, 23.05,878.18,NaN,NaN
DATA,33022,100,17,570.65, 23.05,880.44,NaN,NaN
DATA,34023,100,17,614.10, 23.04,884.74,NaN,NaN
DATA,35022,100,17,624.96, 23.05,887.46,NaN,NaN
DATA,36023,100,17,630.39, 23.05,892.75,NaN,NaN
DATA,37022,100,17,662.97, 23.05,896.24,NaN,NaN
DATA,38023,100,17,684.70, 23.05,900.35,NaN,NaN
DATA,39022,100,17,695.56, 23.05,902.87,NaN,NaN
DATA,40023,100,17,706.42, 23.05,905.75,NaN,NaN
DATA,41023,100,17,722.71, 23.06,912.09,NaN,NaN
DATA,42022,100,17,733.57, 23.06,915.18,NaN,NaN
DATA,43023,100,17,793.31, 23.06,917.96,NaN,NaN
DATA,44022,100,17,787.88, 23.06,918.96,NaN,NaN
DATA,45023,100,17,787.88, 23.06,923.98,NaN,NaN
DATA,46022,100,17,793.31, 23.07,927.17,NaN,NaN
DATA,47023,100,17,825.89, 23.06,930.70,NaN,NaN
DATA,48022,100,17,842.19, 23.07,932.58,NaN,NaN
DATA,49022,100,17,836.75, 23.07,937.60,NaN,NaN
DATA,50023,100,17,863.91, 23.07,940.85,NaN,NaN
DATA,51022,100,17,880.20, 23.07,942.50,NaN,NaN
DATA,52023,100,17,891.06, 23.08,944.38,NaN,NaN
DATA,53022,100,17,907.35, 23.07,949.55,NaN,NaN
DATA,54023,100,17,923.65, 23.07,952.10,NaN,NaN
DATA,55022,100,17,934.51, 23.08,955.48,NaN,NaN
DATA,56023,100,17,945.37, 23.07,956.02,NaN,NaN
DATA,57023,100,17,950.80, 23.08,958.80,NaN,NaN
DATA,58022,100,17,983.38, 23.08,962.38,NaN,NaN
DATA,59023,100,17,983.38, 23.08,963.76,NaN,NaN
DATA,60022,100,17,999.67, 23.08,966.64,NaN,NaN
DATA,61023,100,17,1005.10, 23.08,967.49,NaN,NaN
DATA,62022,100,17,1037.69, 23.08,969.53,NaN,NaN
DATA,63023,100,17,1048.55, 23.09,972.43,NaN,NaN
DATA,64022,100,17,1053.98, 23.09,974.83,NaN,NaN
DATA,65022,100,17,1059.41, 23.09,977.54,NaN,NaN
DATA,66023,100,17,1075.70, 23.09,979.66,NaN,NaN
DATA,67022,100,17,1086.56, 23.09,981.73,NaN,NaN
DATA,68023,100,17,1113.72, 23.09,982.89,NaN,NaN
DATA,69022,100,17,1184.32, 23.09,984.90,NaN,NaN
DATA,70023,100,17,1140.87, 23.09,985.32,NaN,NaN
DATA,71022,100,17,1140.87, 23.09,987.50,NaN,NaN
DATA,72023,100,17,1146.30, 23.09,990.63,NaN,NaN
DATA,73023,100,17,1157.16, 23.09,991.14,NaN,NaN
DATA,74022,100,17,1178.89, 23.09,993.17,NaN,NaN
DATA,75023,100,17,1222.33, 23.10,996.03,NaN,NaN
DATA,76022,100,17,1206.04, 23.10,997.76,NaN,NaN
DATA,77023,100,17,1216.90, 23.09,998.34,NaN,NaN
DATA,78022,100,17,1233.19, 23.09,1000.43,NaN,NaN
DATA,79023,100,17,1238.62, 23.10,1001.95,NaN,NaN
DATA,80022,100,17,1244.05, 23.10,1002.53,NaN,NaN
DATA,81022,100,17,1282.07, 23.10,1005.29,NaN,NaN
DATA,82023,100,17,1287.50, 23.10,1006.19,NaN,NaN
DATA,83022,100,17,1298.36, 23.10,1008.04,NaN,NaN
DATA,84023,100,17,1298.36, 23.10,1009.00,NaN,NaN
DATA,85022,100,17,1309.22, 23.10,1009.94,NaN,NaN
DATA,86023,100,17,1330.94, 23.10,1011.75,NaN,NaN
DATA,87022,100,17,1341.81, 23.09,1012.87,NaN,NaN
DATA,88023,100,17,1341.81, 23.10,1011.93,NaN,NaN
DATA,89023,100,17,1368.96, 23.10,1013.03,NaN,NaN
DATA,90022,100,17,1368.96, 23.10,1014.13,NaN,NaN
DATA,91023,100,17,1368.96, 23.09,1016.61,NaN,NaN
DATA,92022,100,17,1374.39, 23.10,1017.10,NaN,NaN
DATA,93023,100,17,1390.68, 23.10,1017.62,NaN,NaN
DATA,94022,100,17,1412.40, 23.10,1019.36,NaN,NaN
DATA,95023,100,17,1417.83, 23.10,1020.79,NaN,NaN
DATA,96022,100,17,1417.83, 23.10,1019.21,NaN,NaN
DATA,97022,100,17,1434.13, 23.10,1020.95,NaN,NaN
DATA,98023,100,17,1423.26, 23.10,1022.41,NaN,NaN
DATA,99022,100,17,1461.28, 23.10,1021.85,NaN,NaN
DATA,100023,100,17,1461.28, 23.11,1021.09,NaN,NaN
DATA,101022,100,17,1439.56, 23.11,1022.57,NaN,NaN
DATA,102023,100,17,1401.54, 23.10,1023.08,NaN,NaN
DATA,103022,100,17,1510.16, 23.10,1025.39,NaN,NaN
DATA,104023,100,17,1515.59, 23.10,1025.48,NaN,NaN
DATA,105023,100,17,1526.45, 23.10,1028.80,NaN,NaN
DATA,106022,100,17,1526.45, 23.10,1030.61,NaN,NaN
DATA,107023,100,17,1553.60, 23.11,1032.06,NaN,NaN
DATA,108022,100,17,1531.88, 23.11,1032.60,NaN,NaN
DATA,109023,100,17,1564.46, 23.10,1033.72,NaN,NaN
DATA,110022,100,17,1569.89, 23.11,1034.33,NaN,NaN
DATA,111023,100,17,1564.46, 23.11,1036.59,NaN,NaN
DATA,112022,100,17,1602.48, 23.11,1037.08,NaN,NaN
DATA,113022,100,17,1607.91, 23.11,1037.31,NaN,NaN
DATA,114023,100,17,1597.05, 23.11,1039.97,NaN,NaN
DATA,115022,100,17,1618.77, 23.10,1039.81,NaN,NaN
DATA,116023,100,17,1607.91, 23.11,1042.46,NaN,NaN
DATA,117022,100,17,1466.71, 23.11,1042.92,NaN,NaN
DATA,118023,100,17,1548.17, 23.10,1043.84,NaN,NaN
DATA,119022,100,17,1651.35, 23.11,1043.83,NaN,NaN
DATA,120023,100,17,1673.07, 23.11,1047.00,NaN,NaN
DATA,121023,100,17,1667.64, 23.11,1047.17,NaN,NaN
DATA,122022,100,17,1673.07, 23.11,1049.15,NaN,NaN
DATA,123023,100,17,1689.37, 23.11,1049.24,NaN,NaN
DATA,124022,100,17,1673.07, 23.11,1050.84,NaN,NaN
DATA,125023,100,17,1689.37, 23.11,1051.79,NaN,NaN
DATA,126022,100,17,1689.37, 23.11,1052.56,NaN,NaN
DATA,127023,100,17,1694.80, 23.11,1054.02,NaN,NaN
DATA,128022,100,17,1727.38, 23.11,1055.69,NaN,NaN
DATA,129022,100,17,1738.24, 23.11,1056.07,NaN,NaN
DATA,130023,100,17,1749.10, 23.11,1056.56,NaN,NaN
DATA,131022,100,17,1754.53, 23.11,1056.62,NaN,NaN
DATA,132023,100,17,1743.67, 23.11,1056.62,NaN,NaN
DATA,133022,100,17,1667.64, 23.11,1056.58,NaN,NaN
DATA,134023,100,17,1629.63, 23.10,1057.72,NaN,NaN
DATA,135022,100,17,1776.26, 23.11,1057.52,NaN,NaN
DATA,136023,100,17,1759.97, 23.11,1059.96,NaN,NaN
DATA,137023,100,17,1781.69, 23.11,1060.53,NaN,NaN
DATA,138022,100,17,1803.41, 23.11,1060.16,NaN,NaN
DATA,139023,100,17,1803.41, 23.11,1061.85,NaN,NaN
DATA,140022,100,17,1797.98, 23.11,1062.96,NaN,NaN
DATA,141023,100,17,1808.84, 23.11,1062.30,NaN,NaN
DATA,142022,100,17,1814.27, 23.11,1063.97,NaN,NaN
DATA,143023,100,17,1835.99, 23.11,1063.82,NaN,NaN
DATA,144022,100,17,1841.43, 23.11,1065.06,NaN,NaN
DATA,145022,100,17,1884.87, 23.10,1065.96,NaN,NaN
DATA,146023,100,17,1874.01, 23.10,1065.69,NaN,NaN
DATA,147022,100,17,1890.30, 23.11,1066.43,NaN,NaN
DATA,148023,100,17,1868.58, 23.10,1067.13,NaN,NaN
DATA,149022,100,17,1781.69, 23.10,1068.31,NaN,NaN
DATA,150023,100,17,1765.40, 23.11,1068.89,NaN,NaN
DATA,151022,100,17,1874.01, 23.11,1069.32,NaN,NaN
DATA,152023,100,17,1922.88, 23.10,1070.16,NaN,NaN
DATA,153023,100,17,1901.16, 23.11,1070.63,NaN,NaN
DATA,154022,100,17,1933.75, 23.10,1071.10,NaN,NaN
DATA,155023,100,17,1906.59, 23.11,1071.73,NaN,NaN
DATA,156022,100,17,1906.59, 23.11,1071.85,NaN,NaN
DATA,157023,100,17,1906.59, 23.10,1073.52,NaN,NaN
DATA,158022,100,17,1955.47, 23.10,1074.49,NaN,NaN
DATA,159023,100,17,1928.32, 23.10,1074.70,NaN,NaN
DATA,160022,100,17,1874.01, 23.10,1076.15,NaN,NaN
DATA,161022,100,17,1928.32, 23.10,1076.69,NaN,NaN
DATA,162023,100,17,1960.90, 23.10,1077.85,NaN,NaN
DATA,163022,100,17,1933.75, 23.10,1078.19,NaN,NaN
DATA,164023,100,17,1950.04, 23.11,1079.43,NaN,NaN
DATA,165022,100,17,1825.13, 23.10,1080.34,NaN,NaN
DATA,166023,100,17,1955.47, 23.10,1080.69,NaN,NaN
DATA,167022,100,17,1971.76, 23.10,1081.10,NaN,NaN
DATA,168023,100,17,1998.91, 23.10,1081.77,NaN,NaN
DATA,169023,100,17,1988.05, 23.11,1083.17,NaN,NaN
DATA,170022,100,17,1998.91, 23.10,1083.84,NaN,NaN
DATA,171023,100,17,1988.05, 23.10,1084.38,NaN,NaN
DATA,172022,100,17,2031.50, 23.10,1085.73,NaN,NaN
DATA,173023,100,17,2009.78, 23.10,1087.67,NaN,NaN
DATA,174022,100,17,2042.36, 23.10,1087.97,NaN,NaN
DATA,175023,100,17,2020.64, 23.10,1088.47,NaN,NaN
DATA,176022,100,17,2020.64, 23.10,1088.40,NaN,NaN
DATA,177022,100,17,2047.79, 23.10,1090.45,NaN,NaN
DATA,178023,100,17,2058.65, 23.10,1092.06,NaN,NaN
DATA,179022,100,17,2036.93, 23.10,1094.11,NaN,NaN
DATA,180023,100,17,2042.36, 23.10,1095.12,NaN,NaN
DATA,181022,100,17,1988.05, 23.10,1096.49,NaN,NaN
DATA,182023,100,17,2058.65, 23.10,1097.72,NaN,NaN
DATA,183022,100,17,2085.80, 23.10,1097.62,NaN,NaN
DATA,184023,100,17,2096.67, 23.10,1096.59,NaN,NaN
DATA,185023,100,17,2102.10, 23.10,1096.69,NaN,NaN
DATA,186022,100,17,2107.53, 23.10,1096.93,NaN,NaN
DATA,187023,100,17,2123.82, 23.10,1096.56,NaN,NaN
DATA,188022,100,17,2145.54, 23.10,1095.11,NaN,NaN
DATA,189023,100,17,2112.96, 23.10,1095.39,NaN,NaN
DATA,190022,100,17,2102.10, 23.10,1095.66,NaN,NaN
DATA,191023,100,17,2102.10, 23.10,1096.24,NaN,NaN
DATA,192022,100,17,2112.96, 23.10,1096.96,NaN,NaN
DATA,193022,100,17,2102.10, 23.10,1096.66,NaN,NaN
DATA,194023,100,17,2205.28, 23.10,1097.23,NaN,NaN
DATA,195022,100,17,2096.67, 23.10,1097.60,NaN,NaN
DATA,196023,100,17,2015.21, 23.09,1098.11,NaN,NaN
DATA,197022,100,17,1971.76, 23.09,1098.15,NaN,NaN
DATA,198023,100,17,2020.64, 23.09,1098.22,NaN,NaN
DATA,199022,100,17,2140.11, 23.09,1099.43,NaN,NaN
DATA,200023,100,17,2210.71, 23.09,1099.70,NaN,NaN
DATA,201023,100,17,2145.54, 23.09,1100.92,NaN,NaN
DATA,202022,100,17,2161.83, 23.10,1100.86,NaN,NaN
DATA,203023,100,17,2156.40, 23.10,1101.62,NaN,NaN
DATA,204022,100,17,2140.11, 23.09,1102.65,NaN,NaN
DATA,205023,100,17,2161.83, 23.10,1104.36,NaN,NaN
DATA,206022,100,17,2118.39, 23.09,1104.89,NaN,NaN
DATA,207023,100,17,2150.97, 23.09,1106.12,NaN,NaN
DATA,208022,100,17,2183.56, 23.10,1106.65,NaN,NaN
DATA,209022,100,17,2205.28, 23.09,1106.57,NaN,NaN
DATA,210023,100,17,2178.13, 23.09,1106.39,NaN,NaN
DATA,211022,100,17,2210.71, 23.09,1106.90,NaN,NaN
DATA,212023,100,17,2205.28, 23.09,1107.43,NaN,NaN
DATA,213022,100,17,2156.40, 23.09,1107.53,NaN,NaN
DATA,214023,100,17,2118.39, 23.09,1108.43,NaN,NaN
DATA,215022,100,17,2178.13, 23.09,1109.24,NaN,NaN
DATA,216023,100,17,2254.15, 23.09,1109.57,NaN,NaN
DATA,217023,100,17,2172.69, 23.09,1110.19,NaN,NaN
DATA,218022,100,17,2243.29, 23.09,1111.41,NaN,NaN
DATA,219023,100,17,2248.72, 23.09,1112.04,NaN,NaN
DATA,220022,100,17,2123.82, 23.09,1112.74,NaN,NaN
DATA,221023,100,17,2248.72, 23.09,1113.66,NaN,NaN
DATA,222022,100,17,2243.29, 23.09,1114.64,NaN,NaN
DATA,223023,100,17,2270.45, 23.09,1115.70,NaN,NaN
DATA,224022,100,17,2183.56, 23.09,1116.16,NaN,NaN
DATA,225022,100,17,2254.15, 23.09,1116.48,NaN,NaN
DATA,226023,100,17,2259.59, 23.09,1116.43,NaN,NaN
DATA,227022,100,17,2270.45, 23.09,1117.25,NaN,NaN
DATA,228023,100,17,2357.34, 23.09,1117.92,NaN,NaN
DATA,229022,100,17,2123.82, 23.10,1118.49,NaN,NaN
DATA,230023,100,17,2275.88, 23.09,1118.53,NaN,NaN
DATA,231022,100,17,2275.88, 23.09,1118.84,NaN,NaN
DATA,232023,100,17,2281.31, 23.09,1120.32,NaN,NaN
DATA,233023,100,17,2286.74, 23.08,1121.27,NaN,NaN
DATA,234022,100,17,2232.43, 23.09,1122.71,NaN,NaN
DATA,235023,100,17,2292.17, 23.09,1123.28,NaN,NaN
DATA,236022,100,17,2297.60, 23.09,1123.69,NaN,NaN
DATA,237023,100,17,2292.17, 23.09,1125.01,NaN,NaN
DATA,238022,100,17,2297.60, 23.09,1125.56,NaN,NaN
DATA,239023,100,17,2303.03, 23.09,1126.11,NaN,NaN
DATA,240022,100,17,2313.89, 23.09,1126.89,NaN,NaN
DATA,241022,100,17,2351.91, 23.09,1127.86,NaN,NaN
DATA,242023,100,17,2150.97, 23.09,1129.02,NaN,NaN
DATA,243022,100,17,2319.32, 23.09,1130.44,NaN,NaN
DATA,244023,100,17,2335.61, 23.09,1131.72,NaN,NaN
DATA,245022,100,17,2313.89, 23.08,1132.75,NaN,NaN
DATA,246023,100,17,2319.32, 23.09,1133.57,NaN,NaN
DATA,247022,100,17,2324.75, 23.09,1134.91,NaN,NaN
DATA,248023,100,17,2335.61, 23.09,1135.88,NaN,NaN
DATA,249023,100,17,2341.04, 23.09,1137.12,NaN,NaN
DATA,250022,100,17,2341.04, 23.09,1138.35,NaN,NaN
DATA,251023,100,17,2351.91, 23.09,1139.67,NaN,NaN
DATA,252022,0,0,2335.61, 23.09,1158.25,NaN,NaN
DATA,253023,0,0,2335.61, 23.09,1146.11,NaN,NaN
DATA,254022,0,0,2058.65, 23.09,1135.73,NaN,NaN
DATA,255023,0,0,1618.77, 23.09,1125.68,NaN,NaN
DATA,256022,0,0,1053.98, 23.09,1116.78,NaN,NaN
DATA,257022,0,0, 81.89, 23.08,1108.54,NaN,NaN
DATA,258023,0,0,-10.43, 23.06,1024.29,NaN,NaN
DATA,259022,0,0,-15.86, 23.06,1016.65,NaN,NaN
DATA,260023,0,0,-10.43, 23.06,1016.61,NaN,NaN
DATA,261022,0,0,-10.43, 23.06,1017.01,NaN,NaN
DATA,262023,0,0,-10.43, 23.06,1018.18,NaN,NaN
DATA,263022,0,0,-10.43, 23.06,1018.83,NaN,NaN
DATA,264023,0,0, -5.00, 23.06,1019.14,NaN,NaN
DATA,265023,0,0,-10.43, 23.05,1019.23,NaN,NaN
DATA,266022,0,0, -5.00, 23.05,1019.09,NaN,NaN
DATA,267023,0,0,-10.43, 23.05,1018.87,NaN,NaN
DATA,268022,0,0,-10.43, 23.05,1018.61,NaN,NaN
DATA,269023,0,0,-10.43, 23.05,1018.29,NaN,NaN
DATA,270022,0,0,-10.43, 23.05,1017.94,NaN,NaN
DATA,271023,0,0,-10.43, 23.05,1017.64,NaN,NaN
DATA,272022,0,0,-10.43, 23.05,1017.34,NaN,NaN
DATA,273022,0,0,-10.43, 23.05,1017.05,NaN,NaN
DATA,274023,0,0,-10.43, 23.05,1016.79,NaN,NaN
DATA,275022,0,0,-10.43, 23.05,1016.50,NaN,NaN
DATA,276023,0,0,-10.43, 23.05,1016.29,NaN,NaN
DATA,277022,0,0,-10.43, 23.05,1016.00,NaN,NaN
DATA,278023,0,0,-10.43, 23.05,1015.75,NaN,NaN
DATA,279022,0,0,-10.43, 23.04,1015.51,NaN,NaN
DATA,280023,0,0,-10.43, 23.05,1015.28,NaN,NaN
DATA,281023,0,0,-10.43, 23.05,1015.04,NaN,NaN
DATA,282022,0,0,-10.43, 23.04,1014.85,NaN,NaN
DATA,283023,0,0,-10.43, 23.04,1014.64,NaN,NaN
DATA,284022,0,0,-15.86, 23.04,1014.45,NaN,NaN
DATA,285023,0,0,-15.86, 23.04,1014.26,NaN,NaN
DATA,286022,0,0,-15.86, 23.04,1014.07,NaN,NaN
DATA,287023,0,0,-15.86, 23.04,1013.93,NaN,NaN
DATA,288022,0,0,-10.43, 23.04,1013.80,NaN,NaN
DATA,289022,0,0,-15.86, 23.04,1013.63,NaN,NaN
DATA,290023,0,0,-10.43, 23.04,1013.44,NaN,NaN
DATA,291022,0,0,-15.86, 23.04,1013.34,NaN,NaN
DATA,292023,0,0,-15.86, 23.04,1013.19,NaN,NaN
DATA,293022,0,0,-10.43, 23.04,1013.08,NaN,NaN
DATA,294023,0,0,-15.86, 23.04,1012.96,NaN,NaN
DATA,295022,0,0,-15.86, 23.04,1012.83,NaN,NaN
DATA,296023,0,0,-15.86, 23.04,1012.70,NaN,NaN
DATA,297023,0,0,-15.86, 23.04,1012.63,NaN,NaN
DATA,298022,0,0,-15.86, 23.04,1012.52,NaN,NaN
DATA,299023,0,0,-15.86, 23.04,1012.40,NaN,NaN
DATA,300022,0,0,-15.86, 23.04,1012.34,NaN,NaN
DATA,301023,0,0,-15.86, 23.04,1012.21,NaN,NaN
DATA,302022,0,0,-10.43, 23.03,1012.12,NaN,NaN
DATA,303023,0,0,-15.86, 23.04,1012.08,NaN,NaN
DATA,304026,0,0,-15.86, 23.04,1011.99,NaN,NaN
DATA,305027,0,0,-15.86, 23.04,1011.93,NaN,NaN
DATA,306027,0,0,-15.86, 23.04,1011.86,NaN,NaN
DATA,307026,0,0,-15.86, 23.03,1011.74,NaN,NaN
DATA,308027,0,0,-15.86, 23.03,1011.71,NaN,NaN
DATA,309026,0,0,-15.86, 23.03,1011.65,NaN,NaN
DATA,310027,0,0,-15.86, 23.03,1011.61,NaN,NaN
DATA,311026,0,0,-15.86, 23.03,1011.53,NaN,NaN
DATA,312027,0,0,-15.86, 23.04,1011.50,NaN,NaN
DATA,313027,0,0,-15.86, 23.03,1011.50,NaN,NaN
DATA,314027,0,0,-15.86, 23.03,1011.43,NaN,NaN
DATA,315059,0,0,-15.86, 23.03,1011.39,NaN,NaN
DATA,316056,0,0,-15.86, 23.03,1011.34,NaN,NaN
DATA,317056,0,0,-15.86, 23.03,1011.30,NaN,NaN
DATA,318056,0,0,-15.86, 23.03,1011.27,NaN,NaN
DATA,319055,0,0,-15.86, 23.03,1011.23,NaN,NaN
DATA,320056,0,0,-15.86, 23.03,1011.23,NaN,NaN
DATA,321055,0,0,-15.86, 23.03,1011.18,NaN,NaN
DATA,322056,0,0,-15.86, 23.03,1011.15,NaN,NaN
DATA,323056,0,0,-15.86, 23.03,1011.12,NaN,NaN
DATA,324057,0,0,-15.86, 23.03,1011.10,NaN,NaN
DATA,325057,0,0,-15.86, 23.03,1011.05,NaN,NaN
DATA,326056,0,0,-15.86, 23.03,1011.04,NaN,NaN
DATA,327057,0,0,-15.86, 23.03,1011.03,NaN,NaN
DATA,328056,0,0,-15.86, 23.03,1010.97,NaN,NaN
DATA,329057,0,0,-15.86, 23.03,1010.97,NaN,NaN
DATA,330056,0,0,-15.86, 23.03,1010.88,NaN,NaN
DATA,331057,0,0,-21.29, 23.03,1010.88,NaN,NaN
DATA,332057,0,0,-15.86, 23.03,1010.87,NaN,NaN
DATA,333057,0,0,-21.29, 23.03,1010.86,NaN,NaN
DATA,334057,0,0,-15.86, 23.03,1010.82,NaN,NaN
DATA,335056,0,0,-15.86, 23.03,1010.82,NaN,NaN
DATA,336057,0,0,-15.86, 23.03,1010.80,NaN,NaN
DATA,337056,0,0,-15.86, 23.02,1010.80,NaN,NaN
DATA,338057,0,0,-15.86, 23.02,1010.78,NaN,NaN
DATA,339056,0,100, 16.73, 23.02,1000.76,NaN,NaN
DATA,340057,0,100,212.23, 22.94,781.91,NaN,NaN
DATA,341057,0,100,288.26, 22.93,713.03,NaN,NaN
DATA,342056,0,100,364.29, 22.92,685.12,NaN,NaN
DATA,343057,0,100,364.29, 22.91,675.66,NaN,NaN
DATA,344056,0,100,402.30, 22.91,671.53,NaN,NaN
DATA,345057,0,100,402.30, 22.91,672.81,NaN,NaN
DATA,346056,0,100,434.89, 22.91,672.85,NaN,NaN
DATA,347057,0,100,478.33, 22.91,673.83,NaN,NaN
DATA,348057,0,100,478.33, 22.90,676.95,NaN,NaN
DATA,349057,0,0,494.62, 22.91,710.75,NaN,NaN
DATA,350057,0,0,489.19, 22.92,730.02,NaN,NaN
DATA,351056,0,0,494.62, 22.92,753.51,NaN,NaN
DATA,352057,0,0,489.19, 22.93,774.42,NaN,NaN
DATA,353056,0,0,489.19, 22.94,794.17,NaN,NaN
DATA,354057,0,0,489.19, 22.94,814.02,NaN,NaN
DATA,355056,0,0,489.19, 22.94,831.38,NaN,NaN
DATA,356057,0,0,489.19, 22.94,847.67,NaN,NaN
DATA,357057,0,0,489.19, 22.95,863.91,NaN,NaN
DATA,358056,0,0,489.19, 22.95,878.02,NaN,NaN
DATA,359057,0,0,489.19, 22.96,891.10,NaN,NaN
DATA,360056,0,0,489.19, 22.96,903.90,NaN,NaN
DATA,361057,0,0,489.19, 22.96,914.92,NaN,NaN
DATA,362056,0,0,489.19, 22.96,925.04,NaN,NaN
DATA,363057,0,0,489.19, 22.97,934.90,NaN,NaN
DATA,364057,0,0,489.19, 22.97,943.28,NaN,NaN
DATA,365057,0,0,489.19, 22.97,950.89,NaN,NaN
DATA,366057,0,0,434.89, 22.97,958.19,NaN,NaN
DATA,367056,0,0,201.37, 22.98,964.35,NaN,NaN
DATA,368057,0,0,-15.86, 22.98,970.70,NaN,NaN
DATA,369056,0,17, 11.30, 22.98,949.26,NaN,NaN
DATA,370057,0,17, 27.59, 22.90,740.70,NaN,NaN
DATA,371056,0,0, 38.45, 22.89,680.72,NaN,NaN
DATA,372057,0,0, 38.45, 22.91,715.07,NaN,NaN
DATA,373057,0,0, 38.45, 22.91,738.16,NaN,NaN
DATA,374056,0,0, 38.45, 22.91,759.92,NaN,NaN
DATA,375057,0,0, 43.88, 22.92,781.85,NaN,NaN
DATA,376056,0,0, 43.88, 22.92,801.19,NaN,NaN
DATA,377057,0,0, 43.88, 22.93,819.49,NaN,NaN
DATA,378056,0,0, 43.88, 22.93,837.74,NaN,NaN
DATA,379057,0,17, 60.17, 22.94,834.03,NaN,NaN
DATA,380057,0,17,163.35, 22.90,735.12,NaN,NaN
DATA,381057,0,0,201.37, 22.89,723.39,NaN,NaN
DATA,382057,0,0,201.37, 22.90,741.85,NaN,NaN
DATA,383056,0,0,201.37, 22.91,763.51,NaN,NaN
DATA,384057,0,0,201.37, 22.92,785.21,NaN,NaN
DATA,385056,0,0,201.37, 22.92,804.39,NaN,NaN
DATA,386057,0,0,201.37, 22.92,822.43,NaN,NaN
DATA,387056,0,0,201.37, 22.93,840.40,NaN,NaN
DATA,388057,0,0,201.37, 22.93,856.16,NaN,NaN
DATA,389057,0,17,206.80, 22.94,849.97,NaN,NaN
DATA,390056,0,17,277.40, 22.91,778.14,NaN,NaN
DATA,391057,0,0,331.70, 22.90,765.47,NaN,NaN
DATA,392056,0,0,326.27, 22.92,787.87,NaN,NaN
DATA,393057,0,0,326.27, 22.92,808.20,NaN,NaN
DATA,394056,0,0,326.27, 22.92,826.04,NaN,NaN
DATA,395057,0,0,326.27, 22.93,843.83,NaN,NaN
DATA,396057,0,0,326.27, 22.93,859.33,NaN,NaN
DATA,397057,0,0,326.27, 22.94,873.77,NaN,NaN
DATA,398057,0,0,326.27, 22.94,888.00,NaN,NaN
DATA,399056,0,17,326.27, 22.95,888.02,NaN,NaN
DATA,400057,0,17,380.58, 22.92,822.08,NaN,NaN
DATA,401056,0,0,440.32, 22.91,812.22,NaN,NaN
DATA,402057,0,0,440.32, 22.93,828.99,NaN,NaN
DATA,403056,0,0,440.32, 22.93,845.54,NaN,NaN
DATA,404057,100,0,440.32, 22.98,1005.76,NaN,NaN
DATA,405057,100,0,434.89, 22.98,1021.08,NaN,NaN
DATA,406056,100,0,434.89, 22.98,1035.66,NaN,NaN
DATA,407057,100,0,434.89, 22.99,1050.13,NaN,NaN
DATA,408056,100,0,434.89, 23.00,1062.55,NaN,NaN
DATA,409058,100,17,440.32, 23.01,1037.52,NaN,NaN
DATA,410056,100,17,548.93, 22.95,915.34,NaN,NaN
DATA,411057,100,0,608.67, 22.94,879.01,NaN,NaN
DATA,412057,100,0,603.24, 22.96,915.28,NaN,NaN
DATA,413057,100,0,608.67, 22.97,940.68,NaN,NaN
DATA,414057,100,0,608.67, 22.97,962.86,NaN,NaN
DATA,415056,100,0,603.24, 22.98,983.35,NaN,NaN
DATA,416057,100,0,603.24, 22.98,1003.19,NaN,NaN
DATA,417056,100,0,603.24, 22.99,1019.85,NaN,NaN
DATA,418057,100,0,603.24, 22.99,1034.61,NaN,NaN
DATA,419057,100,17,603.24, 23.00,1041.43,NaN,NaN
DATA,420057,100,17,690.13, 22.97,949.26,NaN,NaN
DATA,421057,100,0,733.57, 22.96,925.92,NaN,NaN
DATA,422056,100,0,728.14, 22.97,951.20,NaN,NaN
DATA,423057,100,0,728.14, 22.98,972.50,NaN,NaN
DATA,424056,100,0,728.14, 22.98,992.28,NaN,NaN
DATA,425057,100,0,728.14, 22.99,1011.08,NaN,NaN
DATA,426056,100,0,728.14, 22.99,1026.80,NaN,NaN
DATA,427057,100,0,728.14, 23.01,1040.93,NaN,NaN
DATA,428057,100,0,728.14, 23.01,1054.70,NaN,NaN
DATA,429058,100,17,728.14, 23.01,1060.18,NaN,NaN
DATA,430057,100,17,798.74, 22.99,982.82,NaN,NaN
DATA,431056,100,0,836.75, 22.97,964.50,NaN,NaN
DATA,432057,100,0,831.32, 22.99,983.83,NaN,NaN
DATA,433056,100,0,831.32, 22.99,1003.55,NaN,NaN
DATA,434057,100,0,831.32, 23.00,1020.05,NaN,NaN
DATA,435056,100,0,831.32, 23.01,1034.85,NaN,NaN
DATA,436057,100,0,831.32, 23.01,1049.01,NaN,NaN
DATA,437057,100,0,831.32, 23.02,1061.37,NaN,NaN
DATA,438056,100,0,831.32, 23.02,1072.61,NaN,NaN
DATA,439058,100,17,831.32, 23.02,1081.41,NaN,NaN
DATA,440057,100,17,874.77, 23.01,1012.96,NaN,NaN
DATA,441057,100,0,929.08, 22.98,986.05,NaN,NaN
DATA,442056,100,0,923.65, 23.01,1007.02,NaN,NaN
DATA,443057,100,0,929.08, 23.01,1023.10,NaN,NaN
DATA,444057,100,0,923.65, 23.02,1037.53,NaN,NaN
DATA,445057,100,0,923.65, 23.02,1051.46,NaN,NaN
DATA,446057,100,0,923.65, 23.02,1062.86,NaN,NaN
DATA,447056,100,0,923.65, 23.02,1072.95,NaN,NaN
DATA,448057,100,0,923.65, 23.03,1083.67,NaN,NaN
DATA,449057,100,17,923.65, 23.03,1085.02,NaN,NaN
DATA,450058,100,17,972.52, 23.02,1037.28,NaN,NaN
DATA,451056,100,0,1010.54, 23.00,1008.23,NaN,NaN
DATA,452057,100,0,1005.10, 23.01,1024.54,NaN,NaN
DATA,453057,100,0,1005.10, 23.02,1038.87,NaN,NaN
DATA,454056,100,0,1005.10, 23.02,1052.65,NaN,NaN
DATA,455057,100,0,1010.54, 23.03,1064.58,NaN,NaN
DATA,456056,100,0,1005.10, 23.03,1075.50,NaN,NaN
DATA,457057,100,0,1005.10, 23.03,1086.35,NaN,NaN
DATA,458056,100,0,1005.10, 23.04,1095.80,NaN,NaN
DATA,459058,100,17,994.24, 23.04,1129.39,NaN,NaN
DATA,460058,100,17,1043.12, 23.02,1056.78,NaN,NaN
DATA,461057,100,0,1086.56, 23.02,1021.75,NaN,NaN
DATA,462057,100,0,1086.56, 23.03,1038.49,NaN,NaN
DATA,463056,100,0,1086.56, 23.03,1052.34,NaN,NaN
DATA,464057,100,0,1081.13, 23.03,1064.25,NaN,NaN
DATA,465056,100,0,1081.13, 23.03,1075.94,NaN,NaN
DATA,466057,100,0,1081.13, 23.04,1086.02,NaN,NaN
DATA,467056,100,0,1081.13, 23.04,1095.48,NaN,NaN
DATA,468057,100,0,1081.13, 23.04,1103.42,NaN,NaN
DATA,469058,100,17,1081.13, 23.04,1126.05,NaN,NaN
DATA,470057,100,17,1092.00, 23.04,1073.08,NaN,NaN
DATA,471057,100,0,1151.73, 23.02,1052.04,NaN,NaN
DATA,472056,100,0,1151.73, 23.03,1063.54,NaN,NaN
DATA,473057,100,0,1151.73, 23.03,1074.56,NaN,NaN
DATA,474056,100,17,1146.30, 23.03,1090.61,NaN,NaN
DATA,475057,100,17,1162.59, 23.02,1056.52,NaN,NaN
DATA,476057,100,0,1200.61, 23.01,1037.61,NaN,NaN
DATA,477057,100,0,1200.61, 23.03,1052.37,NaN,NaN
DATA,478057,100,0,1195.18, 23.02,1064.21,NaN,NaN
DATA,479056,100,17,1195.18, 23.03,1103.69,NaN,NaN
DATA,480057,100,17,1206.04, 23.02,1057.79,NaN,NaN
DATA,481056,100,0,1244.05, 23.01,1050.05,NaN,NaN
DATA,482057,100,0,1238.62, 23.02,1061.41,NaN,NaN
DATA,483056,100,0,1238.62, 23.03,1073.30,NaN,NaN
DATA,484057,100,17,1238.62, 23.03,1077.33,NaN,NaN
DATA,485057,100,17,1254.91, 23.02,1060.09,NaN,NaN
DATA,486056,100,0,1282.07, 23.02,1049.43,NaN,NaN
DATA,487057,100,0,1282.07, 23.02,1061.40,NaN,NaN
DATA,488056,100,0,1282.07, 23.02,1072.57,NaN,NaN
DATA,489057,100,17,1276.64, 23.03,1086.91,NaN,NaN
DATA,490056,100,17,1314.65, 23.02,1066.83,NaN,NaN
DATA,491057,100,0,1320.08, 23.02,1051.36,NaN,NaN
DATA,492057,100,0,1320.08, 23.02,1061.57,NaN,NaN
DATA,493057,100,0,1320.08, 23.02,1072.80,NaN,NaN
DATA,494057,100,17,1320.08, 23.02,1096.22,NaN,NaN
DATA,495056,100,17,1314.65, 23.02,1069.82,NaN,NaN
DATA,496057,100,0,1358.10, 23.02,1052.66,NaN,NaN
DATA,497056,100,0,1352.67, 23.02,1066.85,NaN,NaN
DATA,498057,100,0,1352.67, 23.03,1078.41,NaN,NaN
DATA,499056,100,17,1352.67, 23.03,1120.29,NaN,NaN
DATA,500057,100,17,1368.96, 23.03,1078.90,NaN,NaN
DATA,501057,100,0,1390.68, 23.02,1060.37,NaN,NaN
DATA,502056,100,0,1390.68, 23.03,1073.15,NaN,NaN
DATA,503057,100,0,1390.68, 23.03,1084.27,NaN,NaN
DATA,504056,100,17,1385.25, 23.04,1109.03,NaN,NaN
DATA,505057,100,17,1396.11, 23.03,1083.67,NaN,NaN
DATA,506056,100,0,1423.26, 23.02,1074.43,NaN,NaN
DATA,507057,100,0,1423.26, 23.03,1084.76,NaN,NaN
DATA,508057,100,0,1423.26, 23.03,1094.29,NaN,NaN
DATA,509057,100,17,1417.83, 23.04,1115.90,NaN,NaN
DATA,510057,100,17,1417.83, 23.03,1090.02,NaN,NaN
DATA,511056,100,0,1455.85, 23.02,1082.43,NaN,NaN
DATA,512057,100,0,1450.42, 23.03,1091.01,NaN,NaN
DATA,513056,100,0,1450.42, 23.03,1100.06,NaN,NaN
DATA,514057,100,17,1450.42, 23.03,1136.74,NaN,NaN
DATA,515056,100,17,1390.68, 23.03,1094.43,NaN,NaN
DATA,516057,100,0,1483.00, 23.02,1083.56,NaN,NaN
DATA,517057,100,0,1477.57, 23.02,1092.87,NaN,NaN
DATA,518056,100,0,1483.00, 23.03,1102.50,NaN,NaN
DATA,519057,100,17,1477.57, 23.03,1127.41,NaN,NaN
DATA,520056,100,17,1488.43, 23.03,1101.34,NaN,NaN
DATA,521057,100,0,1510.16, 23.02,1096.52,NaN,NaN
DATA,522056,100,0,1510.16, 23.03,1104.07,NaN,NaN
DATA,523057,100,0,1510.16, 23.03,1112.17,NaN,NaN
DATA,524057,100,17,1504.72, 23.03,1128.58,NaN,NaN
DATA,525057,100,17,1515.59, 23.03,1106.35,NaN,NaN
DATA,526057,100,0,1537.31, 23.02,1093.65,NaN,NaN
DATA,527056,100,0,1531.88, 23.03,1104.93,NaN,NaN
DATA,528057,100,0,1531.88, 23.04,1113.13,NaN,NaN
DATA,529056,100,17,1531.88, 23.03,1132.84,NaN,NaN
DATA,530057,100,17,1542.74, 23.03,1110.63,NaN,NaN
DATA,531056,100,0,1559.03, 23.02,1100.31,NaN,NaN
DATA,532057,100,0,1559.03, 23.03,1108.33,NaN,NaN
DATA,533057,100,0,1559.03, 23.03,1116.45,NaN,NaN
DATA,534056,100,17,1553.60, 23.04,1158.30,NaN,NaN
DATA,535057,100,17,1613.34, 23.03,1114.35,NaN,NaN
DATA,536056,100,0,1586.18, 23.02,1104.61,NaN,NaN
DATA,537057,100,0,1586.18, 23.03,1113.57,NaN,NaN
DATA,538056,100,0,1586.18, 23.03,1121.88,NaN,NaN
DATA,539057,100,17,1586.18, 23.03,1146.50,NaN,NaN
DATA,540057,100,17,1591.62, 23.03,1120.22,NaN,NaN
DATA,541057,100,0,1613.34, 23.03,1113.75,NaN,NaN
DATA,542057,100,0,1607.91, 23.03,1121.46,NaN,NaN
DATA,543056,100,0,1607.91, 23.03,1128.34,NaN,NaN
DATA,544057,100,17,1607.91, 23.04,1141.93,NaN,NaN
DATA,545056,100,17,1613.34, 23.03,1121.51,NaN,NaN
DATA,546057,100,0,1635.06, 23.02,1117.09,NaN,NaN
DATA,547056,100,0,1635.06, 23.03,1120.39,NaN,NaN
DATA,548057,100,0,1635.06, 23.03,1127.81,NaN,NaN
DATA,549057,100,17,1635.06, 23.04,1164.28,NaN,NaN
DATA,550056,100,17,1640.49, 23.03,1126.80,NaN,NaN
DATA,551057,100,0,1662.21, 23.02,1121.87,NaN,NaN
DATA,552056,100,0,1662.21, 23.03,1124.90,NaN,NaN
DATA,553057,100,0,1656.78, 23.04,1132.21,NaN,NaN
DATA,554056,100,17,1662.21, 23.04,1164.31,NaN,NaN
DATA,555057,100,17,1635.06, 23.03,1126.71,NaN,NaN
DATA,556057,100,0,1683.94, 23.03,1117.97,NaN,NaN
DATA,557057,100,0,1683.94, 23.03,1126.30,NaN,NaN
DATA,558057,100,0,1683.94, 23.04,1133.83,NaN,NaN
DATA,559056,100,17,1678.51, 23.04,1151.75,NaN,NaN
DATA,560057,100,17,1683.94, 23.03,1131.43,NaN,NaN
DATA,561056,100,0,1705.66, 23.02,1122.78,NaN,NaN
DATA,562057,100,0,1705.66, 23.03,1130.33,NaN,NaN
DATA,563056,100,0,1700.23, 23.04,1137.17,NaN,NaN
DATA,564057,100,17,1700.23, 23.04,1158.89,NaN,NaN
DATA,565057,100,17,1711.09, 23.03,1132.65,NaN,NaN
DATA,566056,100,0,1727.38, 23.02,1131.00,NaN,NaN
DATA,567057,100,0,1727.38, 23.03,1133.26,NaN,NaN
DATA,568056,100,0,1727.38, 23.03,1138.83,NaN,NaN
DATA,569057,100,17,1721.95, 23.04,1179.70,NaN,NaN
DATA,570056,100,17,1732.81, 23.03,1133.90,NaN,NaN
DATA,571057,100,0,1749.10, 23.02,1134.93,NaN,NaN
DATA,572057,100,0,1743.67, 23.03,1137.55,NaN,NaN
DATA,573057,100,0,1743.67, 23.03,1144.27,NaN,NaN
DATA,574057,100,17,1743.67, 23.03,1164.79,NaN,NaN
DATA,575056,100,17,1749.10, 23.03,1139.27,NaN,NaN
DATA,576057,100,0,1765.40, 23.02,1137.54,NaN,NaN
DATA,577056,100,0,1765.40, 23.03,1142.07,NaN,NaN
DATA,578057,100,0,1765.40, 23.03,1148.02,NaN,NaN
DATA,579056,100,17,1759.97, 23.04,1164.18,NaN,NaN
DATA,580057,100,17,1765.40, 23.03,1141.37,NaN,NaN
DATA,581057,100,0,1781.69, 23.03,1140.65,NaN,NaN
DATA,582056,100,0,1781.69, 23.03,1145.76,NaN,NaN
DATA,583057,100,0,1781.69, 23.03,1151.55,NaN,NaN
DATA,584056,100,17,1776.26, 23.03,1178.30,NaN,NaN
DATA,585057,100,17,1787.12, 23.03,1146.18,NaN,NaN
DATA,586056,100,0,1803.41, 23.02,1146.12,NaN,NaN
DATA,587057,100,0,1797.98, 23.03,1148.70,NaN,NaN
DATA,588057,100,0,1797.98, 23.03,1154.87,NaN,NaN
DATA,589057,100,17,1797.98, 23.03,1188.62,NaN,NaN
DATA,590057,100,17,1808.84, 23.03,1149.80,NaN,NaN
DATA,591056,100,0,1819.70, 23.02,1147.56,NaN,NaN
DATA,592057,100,0,1814.27, 23.03,1151.90,NaN,NaN
DATA,593056,100,0,1814.27, 23.03,1157.41,NaN,NaN
DATA,594057,100,17,1819.70, 23.03,1172.61,NaN,NaN
DATA,595056,100,17,1825.13, 23.03,1152.73,NaN,NaN
DATA,596057,100,0,1841.43, 23.03,1147.85,NaN,NaN
DATA,597057,100,0,1835.99, 23.03,1153.01,NaN,NaN
DATA,598056,50,0,1830.56, 23.03,1158.39,NaN,NaN
DATA,599057,50,17,1830.56, 23.03,1186.89,NaN,NaN
DATA,600056,50,17,1825.13, 23.03,1154.27,NaN,NaN
DATA,601057,50,0,1852.29, 23.02,1149.78,NaN,NaN
DATA,602056,50,0,1846.86, 23.03,1156.45,NaN,NaN
DATA,603057,50,0,1846.86, 23.03,1160.20,NaN,NaN
DATA,604057,50,17,1846.86, 23.03,1200.22,NaN,NaN
DATA,605057,50,17,1841.43, 23.03,1158.98,NaN,NaN
DATA,606057,50,0,1868.58, 23.03,1155.29,NaN,NaN
DATA,607056,50,0,1863.15, 23.03,1160.01,NaN,NaN
DATA,608057,50,0,1863.15, 23.03,1165.46,NaN,NaN
DATA,609056,50,17,1863.15, 23.03,1185.86,NaN,NaN
DATA,610057,50,17,1852.29, 23.03,1162.45,NaN,NaN
DATA,611056,50,0,1879.44, 23.02,1158.26,NaN,NaN
DATA,612057,50,0,1879.44, 23.03,1164.48,NaN,NaN
DATA,613057,50,0,1879.44, 23.03,1169.73,NaN,NaN
DATA,614056,50,17,1868.58, 23.03,1197.82,NaN,NaN
DATA,615057,50,17,1868.58, 23.03,1165.24,NaN,NaN
DATA,616056,50,0,1895.73, 23.02,1170.05,NaN,NaN
DATA,617057,50,0,1890.30, 23.03,1168.47,NaN,NaN
DATA,618056,50,0,1890.30, 23.03,1173.46,NaN,NaN
DATA,619057,50,17,1890.30, 23.03,1214.89,NaN,NaN
DATA,620057,50,17,1895.73, 23.03,1170.09,NaN,NaN
DATA,621057,50,0,1912.02, 23.02,1168.68,NaN,NaN
DATA,622057,50,0,1912.02, 23.03,1171.32,NaN,NaN
DATA,623056,50,0,1906.59, 23.03,1176.61,NaN,NaN
DATA,624057,50,17,1906.59, 23.03,1202.92,NaN,NaN
DATA,625056,50,17,1895.73, 23.03,1172.50,NaN,NaN
DATA,626057,50,0,1922.88, 23.03,1169.55,NaN,NaN
DATA,627056,50,0,1922.88, 23.03,1174.08,NaN,NaN
DATA,628057,50,0,1922.88, 23.03,1179.00,NaN,NaN
DATA,629057,50,17,1917.45, 23.03,1196.64,NaN,NaN
DATA,630056,50,17,1922.88, 23.02,1175.39,NaN,NaN
DATA,631057,50,0,1939.18, 23.02,1176.53,NaN,NaN
DATA,632056,50,0,1933.75, 23.03,1177.31,NaN,NaN
DATA,633057,50,0,1933.75, 23.03,1182.01,NaN,NaN
DATA,634056,50,17,1928.32, 23.03,1220.49,NaN,NaN
DATA,635057,50,17,1944.61, 23.03,1177.18,NaN,NaN
DATA,636057,50,0,1950.04, 23.03,1180.82,NaN,NaN
DATA,637057,50,0,1950.04, 23.03,1180.16,NaN,NaN
DATA,638057,50,0,1950.04, 23.03,1184.96,NaN,NaN
DATA,639056,50,17,1944.61, 23.03,1217.53,NaN,NaN
DATA,640057,50,17,1928.32, 23.02,1181.40,NaN,NaN
DATA,641056,50,0,1960.90, 23.02,1180.67,NaN,NaN
DATA,642057,50,0,1960.90, 23.03,1182.90,NaN,NaN
DATA,643056,50,0,1955.47, 23.03,1187.20,NaN,NaN
DATA,644057,50,17,1955.47, 23.03,1203.16,NaN,NaN
DATA,645057,50,17,1966.33, 23.03,1183.09,NaN,NaN
DATA,646056,50,0,1971.76, 23.02,1184.30,NaN,NaN
DATA,647057,50,0,1971.76, 23.03,1185.78,NaN,NaN
DATA,648056,50,0,1971.76, 23.02,1190.07,NaN,NaN
DATA,649057,50,17,1966.33, 23.03,1224.19,NaN,NaN
DATA,650056,50,17,1998.91, 23.03,1183.93,NaN,NaN
DATA,651057,50,0,1982.62, 23.02,1182.91,NaN,NaN
DATA,652057,50,0,1982.62, 23.02,1186.64,NaN,NaN
DATA,653057,50,0,1982.62, 23.02,1191.07,NaN,NaN
DATA,654057,50,17,1982.62, 23.03,1228.05,NaN,NaN
DATA,655056,50,17,1982.62, 23.03,1186.57,NaN,NaN
DATA,656057,50,0,1993.48, 23.02,1184.98,NaN,NaN
DATA,657056,50,0,1993.48, 23.03,1189.42,NaN,NaN
DATA,658057,50,0,1993.48, 23.02,1193.32,NaN,NaN
DATA,659056,50,17,1993.48, 23.03,1209.58,NaN,NaN
DATA,660057,50,17,1993.48, 23.03,1187.32,NaN,NaN
DATA,661057,50,0,2004.34, 23.02,1190.21,NaN,NaN
DATA,662056,50,0,2004.34, 23.02,1191.37,NaN,NaN
DATA,663057,50,0,2009.78, 23.03,1195.35,NaN,NaN
DATA,664056,50,17,2004.34, 23.03,1222.31,NaN,NaN
DATA,665057,50,17,2004.34, 23.03,1190.94,NaN,NaN
DATA,666056,50,0,2015.21, 23.02,1195.18,NaN,NaN
DATA,667057,50,0,2015.21, 23.03,1194.01,NaN,NaN
DATA,668057,50,0,2015.21, 23.03,1197.77,NaN,NaN
DATA,669057,50,17,2015.21, 23.03,1239.20,NaN,NaN
DATA,670057,50,17,2020.64, 23.02,1191.95,NaN,NaN
DATA,671056,50,0,2026.07, 23.02,1193.00,NaN,NaN
DATA,672057,50,0,2020.64, 23.03,1196.19,NaN,NaN
DATA,673056,50,0,2020.64, 23.03,1200.07,NaN,NaN
DATA,674057,50,17,2026.07, 23.03,1227.93,NaN,NaN
DATA,675056,50,17,2020.64, 23.02,1194.64,NaN,NaN
DATA,676057,50,0,2036.93, 23.03,1193.69,NaN,NaN
DATA,677057,50,0,2036.93, 23.03,1197.98,NaN,NaN
DATA,678056,50,0,2031.50, 23.03,1201.47,NaN,NaN
DATA,679057,50,17,2031.50, 23.03,1216.61,NaN,NaN
DATA,680056,50,17,2036.93, 23.02,1194.73,NaN,NaN
DATA,681057,50,0,2042.36, 23.03,1199.95,NaN,NaN
DATA,682056,50,0,2042.36, 23.03,1199.60,NaN,NaN
DATA,683057,50,0,2047.79, 23.03,1203.02,NaN,NaN
DATA,684057,50,17,2042.36, 23.03,1236.62,NaN,NaN
DATA,685057,50,17,2042.36, 23.03,1197.79,NaN,NaN
DATA,686057,50,0,2053.22, 23.02,1204.72,NaN,NaN
DATA,687056,50,0,2047.79, 23.03,1202.04,NaN,NaN
DATA,688057,50,0,2047.79, 23.02,1205.53,NaN,NaN
DATA,689056,50,17,2053.22, 23.03,1243.39,NaN,NaN
DATA,690057,50,17,2047.79, 23.02,1198.63,NaN,NaN
DATA,691056,50,0,2058.65, 23.02,1202.76,NaN,NaN
DATA,692057,50,0,2058.65, 23.02,1203.40,NaN,NaN
DATA,693057,50,0,2058.65, 23.02,1206.82,NaN,NaN
DATA,694056,50,17,2047.79, 23.03,1223.24,NaN,NaN
DATA,695057,50,17,2058.65, 23.02,1200.89,NaN,NaN
DATA,696056,50,0,2069.51, 23.02,1202.41,NaN,NaN
DATA,697057,50,0,2069.51, 23.02,1205.04,NaN,NaN
DATA,698056,50,0,2069.51, 23.03,1208.28,NaN,NaN
DATA,699057,50,17,2069.51, 23.03,1236.32,NaN,NaN
DATA,700057,50,17,2064.08, 23.02,1201.79,NaN,NaN
DATA,701057,50,0,2080.37, 23.02,1204.91,NaN,NaN
DATA,702057,50,0,2074.94, 23.03,1206.88,NaN,NaN
DATA,703056,50,0,2074.94, 23.03,1210.30,NaN,NaN
DATA,704057,50,17,2074.94, 23.03,1251.07,NaN,NaN
DATA,705056,50,17,2074.94, 23.03,1203.86,NaN,NaN
DATA,706057,50,0,2080.37, 23.02,1206.61,NaN,NaN
DATA,707056,50,0,2085.80, 23.03,1208.51,NaN,NaN
DATA,708057,50,0,2085.80, 23.03,1211.59,NaN,NaN
DATA,709057,50,17,2080.37, 23.03,1231.31,NaN,NaN
DATA,710056,50,17,2069.51, 23.02,1204.86,NaN,NaN
DATA,711057,50,0,2091.23, 23.02,1208.39,NaN,NaN
DATA,712056,50,0,2091.23, 23.02,1210.71,NaN,NaN
DATA,713057,50,0,2085.80, 23.03,1213.52,NaN,NaN
DATA,714056,50,17,2091.23, 23.03,1237.83,NaN,NaN
DATA,715057,50,17,2085.80, 23.02,1205.85,NaN,NaN
DATA,716057,50,0,2096.67, 23.02,1208.15,NaN,NaN
DATA,717057,50,0,2096.67, 23.02,1212.46,NaN,NaN
DATA,718057,50,0,2096.67, 23.02,1215.29,NaN,NaN
DATA,719056,50,17,2096.67, 23.03,1255.03,NaN,NaN
DATA,720057,50,17,2096.67, 23.02,1207.87,NaN,NaN
DATA,721056,50,0,2102.10, 23.02,1210.50,NaN,NaN
DATA,722057,50,0,2102.10, 23.03,1213.06,NaN,NaN
DATA,723056,50,0,2102.10, 23.03,1216.07,NaN,NaN
DATA,724057,50,17,2102.10, 23.03,1244.22,NaN,NaN
DATA,725057,50,17,2102.10, 23.02,1208.18,NaN,NaN
DATA,726056,50,0,2112.96, 23.02,1212.27,NaN,NaN
DATA,727053,0,0,2112.96, 23.02,1214.16,NaN,NaN
DATA,728052,0,0,2107.53, 23.02,1199.33,NaN,NaN
DATA,729053,0,0,2107.53, 23.02,1185.72,NaN,NaN
DATA,730052,0,0,2074.94, 23.01,1173.85,NaN,NaN
DATA,731053,0,0,1515.59, 23.01,1162.70,NaN,NaN
DATA,732053,0,0,836.75, 23.01,1151.49,NaN,NaN
DATA,733052,0,0, 49.31, 22.99,1079.44,NaN,NaN
DATA,734053,0,0, 81.89, 22.96,1028.31,NaN,NaN
DATA,735052,0,0, 65.60, 22.97,1019.21,NaN,NaN
DATA,736053,0,0, 38.45, 22.97,1018.52,NaN,NaN
DATA,737052,0,0,-10.43, 22.97,1019.75,NaN,NaN
